path,inbound_links,page_views_90d,nav_menu,overlapped,created,last_changed,authors,commits
admin/access-control/batch-changes.mdx,4,0,,,2023-03-20,2026-05-20,4,5
admin/access-control/index.mdx,14,0,True,,2023-03-20,2026-04-02,8,14
admin/architecture.mdx,16,0,True,,2025-07-07,2026-03-06,5,16
admin/audit-log.mdx,7,0,,,2022-11-01,2025-12-14,10,18
admin/auth/builtin.mdx,1,0,,,2024-05-06,2025-12-14,2,5
admin/auth/index.mdx,62,0,True,,2018-10-17,2026-02-27,41,96
admin/auth/login-form.mdx,2,0,,,2023-04-17,2025-12-16,4,6
admin/auth/saml/azure-ad.mdx,2,0,,,2019-12-26,2025-12-14,10,12
admin/auth/saml/generic.mdx,4,0,,,2019-12-26,2025-12-14,8,11
admin/auth/saml/index.mdx,10,0,,,2019-12-26,2026-02-19,16,23
admin/auth/saml/jump-cloud.mdx,1,0,,,2020-02-29,2025-12-14,6,8
admin/auth/saml/microsoft-adfs.mdx,2,0,,,2018-10-17,2025-12-14,9,17
admin/auth/saml/okta.mdx,4,0,,,2019-12-26,2025-11-24,10,14
admin/auth/saml/one-login.mdx,1,0,,,2020-01-14,2025-12-14,8,9
admin/auth/troubleshooting.mdx,0,0,,,2020-11-09,2026-02-27,8,9
admin/code-hosts/aws-codecommit.mdx,3,0,,,2019-02-15,2026-09-15,14,65
admin/code-hosts/azuredevops.mdx,4,0,,,2023-03-07,2026-09-15,12,60
admin/code-hosts/bitbucket-cloud.mdx,10,0,,,2019-07-15,2026-09-15,21,73
admin/code-hosts/bitbucket-server.mdx,17,0,,,2019-02-15,2026-09-15,29,98
admin/code-hosts/gerrit.mdx,2,0,,,2023-01-27,2026-09-15,10,57
admin/code-hosts/github.mdx,22,0,,,2019-02-15,2026-09-15,47,136
admin/code-hosts/gitlab.mdx,21,10,,,2019-02-15,2026-09-15,33,95
admin/code-hosts/gitolite.mdx,2,0,,,2019-02-15,2026-09-15,10,54
admin/code-hosts/index.mdx,27,0,True,,2019-02-15,2026-04-28,25,47
admin/code-hosts/non-git.mdx,6,0,,,2020-04-02,2025-12-14,7,14
admin/code-hosts/other.mdx,9,0,,,2019-02-15,2026-09-15,18,69
admin/code-hosts/phabricator.mdx,5,0,,,2018-10-17,2026-09-15,15,62
admin/code-hosts/rate-limits.mdx,8,0,,,2023-03-24,2025-12-14,7,10
admin/code-hosts/src-serve-git.mdx,2,0,,,2020-08-14,2025-12-14,9,10
admin/config/authorization-and-authentication.mdx,3,0,,,2021-04-12,2025-12-14,12,18
admin/config/batch-changes.mdx,13,0,,,2021-04-19,2026-04-02,13,38
admin/config/settings.mdx,6,0,,,2020-03-03,2026-09-15,15,61
admin/config/site-config.mdx,84,0,,,2019-02-15,2026-09-15,24,83
admin/enterprise-portal.mdx,2,0,True,,2025-07-10,2026-01-27,4,5
admin/entitlements.mdx,5,0,,,2026-02-22,2026-08-07,2,3
admin/executors/executor-secrets.mdx,9,0,True,,2022-11-16,2025-12-16,8,12
admin/executors/index.mdx,9,0,True,,2021-11-18,2026-07-22,14,35
admin/faq.mdx,4,0,True,,2018-10-17,2025-12-14,17,33
admin/how-to/converting-version-contexts-to-search-contexts.mdx,3,0,,,2021-05-25,2025-11-24,4,6
admin/how-to/enable-experimental-feature.mdx,2,0,,,2021-05-12,2025-12-14,4,8
admin/how-to/export-search-results.mdx,2,0,,,2023-02-24,2025-12-14,4,5
admin/how-to/index.mdx,1,20,True,,2021-05-07,2026-02-24,21,43
admin/how-to/internal-github-repos.mdx,2,0,,,2022-04-29,2025-12-14,5,6
admin/how-to/lsif-scip-migration.mdx,4,0,,,2023-01-23,2025-12-14,4,5
admin/how-to/manage-feature-flags-with-graphql.mdx,1,0,,,2026-02-24,2026-02-24,1,1
admin/how-to/monorepo-issues.mdx,2,0,,,2021-11-16,2025-12-14,9,16
admin/how-to/mutate-user-api.mdx,2,0,,,2021-06-23,2025-12-14,7,8
admin/how-to/remove-repo.mdx,2,0,,,2021-10-26,2025-11-24,8,8
admin/how-to/repo-not-updated.mdx,3,0,,,2021-06-22,2025-12-14,7,10
admin/how-to/site-admin-quickstart.mdx,7,0,,,2021-10-26,2026-02-17,15,19
admin/how-to/submodule-configuration.mdx,2,0,,,2021-06-10,2025-11-24,3,3
admin/how-to/unknown-error-login.mdx,2,0,,,2021-05-12,2025-12-14,3,5
admin/how-to/update-repo-failure.mdx,2,0,,,2021-10-28,2025-12-14,3,5
admin/index.mdx,15,0,True,,2018-10-17,2026-03-31,47,122
admin/licensing.mdx,2,20,True,,2023-06-13,2025-12-14,7,13
admin/markdown.mdx,0,0,,,2018-10-17,2024-04-08,4,5
admin/migration/index.mdx,2,0,,,2018-11-01,2025-12-14,11,16
admin/migration/opengrok.mdx,3,0,,,2018-10-30,2025-12-19,19,34
admin/monorepo.mdx,4,0,,,2020-04-14,2025-11-24,4,8
admin/oauth-apps.mdx,7,0,True,,2025-08-18,2026-07-14,3,8
admin/organizations.mdx,6,20,,,2018-10-17,2025-12-14,8,11
admin/outbound-request-log.mdx,2,0,,,2022-12-19,2026-02-26,5,7
admin/permissions/api.mdx,12,0,,,2023-02-23,2025-12-14,7,11
admin/permissions/index.mdx,18,0,True,,2023-02-23,2025-12-17,10,16
admin/permissions/syncing.mdx,17,0,,,2023-02-23,2026-03-26,8,13
admin/permissions/webhooks.mdx,3,0,,,2023-02-23,2025-12-14,6,10
admin/pings.mdx,6,0,,,2018-10-17,2026-05-22,50,100
admin/privileges.mdx,1,0,,,2020-02-06,2025-11-24,3,3
admin/repo/add.mdx,4,0,,,2018-10-17,2026-07-07,15,24
admin/repo/auth.mdx,8,0,,,2018-12-14,2026-02-19,12,17
admin/repo/git-config.mdx,3,0,,,2021-08-03,2026-07-07,6,9
admin/repo/index.mdx,1,0,,,2018-10-17,2025-12-17,13,19
admin/repo/metadata.mdx,2,0,,,2022-09-09,2025-12-14,6,13
admin/repo/perforce.mdx,8,20,,,2019-03-08,2026-09-15,22,83
admin/repo/plasticscm.mdx,1,0,,,2022-12-07,2025-12-14,4,4
admin/repo/recording.mdx,2,0,,,2023-09-26,2025-12-14,3,4
admin/repo/update-frequency.mdx,4,0,,,2019-10-24,2025-12-14,13,17
admin/repo/webhooks.mdx,5,0,,,2018-10-17,2025-12-14,9,19
admin/scim.mdx,4,0,,,2023-02-09,2026-04-10,11,20
admin/search.mdx,10,40,,,2018-10-26,2025-12-14,11,15
admin/security-event-logs.mdx,0,0,,,2023-12-21,2025-12-14,3,10
admin/service-accounts.mdx,5,20,,,2025-06-23,2026-09-16,3,6
admin/subscriptions.mdx,1,0,,,2018-10-17,2025-12-14,13,22
admin/telemetry/index.mdx,9,0,,,2023-10-18,2026-03-20,6,13
admin/telemetry/private-metadata-allowlist.mdx,1,0,,,2026-02-28,2026-09-14,1,9
admin/telemetry/protocol.mdx,4,0,,,2026-02-28,2026-09-14,1,6
admin/user-data-deletion.mdx,2,0,,,2018-10-22,2026-03-10,11,14
admin/user-surveys.mdx,2,0,,,2018-10-17,2025-12-14,7,15
admin/webhooks/incoming.mdx,20,0,,,2022-12-12,2026-03-26,12,24
admin/webhooks/index.mdx,2,0,,,2025-12-14,2025-12-14,1,1
admin/webhooks/outgoing.mdx,3,0,,,2023-03-20,2026-05-26,5,11
agentic-batch-changes/configuration.mdx,6,0,True,,2026-09-14,2026-09-14,1,1
agentic-batch-changes/index.mdx,3,20,True,,2026-06-30,2026-09-14,5,10
agentic-batch-changes/writing-prompts.mdx,2,0,True,,2026-09-14,2026-09-14,1,1
analytics/api.mdx,2,0,True,,2025-04-07,2026-06-17,8,10
analytics/index.mdx,6,0,True,,2025-02-28,2026-06-09,8,20
analytics/pcw.mdx,1,0,,,2025-03-07,2025-05-07,1,2
api/graphql/index.mdx,22,0,True,,2018-10-17,2026-02-27,17,28
api/index.mdx,7,20,True,,2018-10-17,2026-08-27,11,15
api/mcp/authentication.mdx,3,0,True,,2026-07-14,2026-09-16,2,2
api/mcp/client-integrations.mdx,2,0,True,,2026-03-25,2026-07-27,3,3
api/mcp/index.mdx,8,100,True,,2025-09-10,2026-09-09,14,43
api/stream-api/index.mdx,7,10,True,,2021-11-26,2026-02-25,11,15
batch-changes/batch-spec-cheat-sheet.mdx,1,0,True,,2021-05-11,2025-11-24,10,15
batch-changes/batch-spec-templating.mdx,19,0,True,,2020-10-30,2025-11-24,10,24
batch-changes/batch-spec-yaml-reference.mdx,76,10,True,,2020-09-04,2026-07-01,14,50
batch-changes/bulk-operations-on-changesets.mdx,1,0,True,,2024-06-25,2025-11-24,4,4
batch-changes/configuring-credentials.mdx,23,0,True,,2024-06-25,2026-05-06,5,13
batch-changes/create-a-batch-change.mdx,16,0,True,,2024-06-25,2025-11-24,4,4
batch-changes/creating-changesets-per-project-in-monorepos.mdx,5,40,True,,2025-11-24,2025-11-24,1,1
batch-changes/creating-multiple-changesets-in-large-repositories.mdx,1,0,True,,2025-11-24,2026-07-01,2,2
batch-changes/delete-a-batch-change.mdx,1,0,True,,2024-06-25,2025-11-24,2,2
batch-changes/design.mdx,5,0,,,2020-07-22,2025-11-24,5,8
batch-changes/examples.mdx,1,20,True,,2025-11-24,2025-11-24,1,1
batch-changes/faq.mdx,3,0,True,,2024-07-16,2026-07-22,6,9
batch-changes/handling-errored-changesets.mdx,0,0,True,,2025-11-24,2025-11-24,1,1
batch-changes/how-src-executes-a-batch-spec.mdx,5,0,True,,2025-11-24,2026-07-22,2,2
batch-changes/index.mdx,20,50,True,,2025-11-24,2026-04-16,4,7
batch-changes/permissions-in-batch-changes.mdx,13,0,True,,2024-11-01,2026-05-11,4,5
batch-changes/publishing-changesets.mdx,7,0,True,,2024-06-25,2025-12-14,3,4
batch-changes/push-only-changesets.mdx,1,0,True,,2025-11-24,2025-11-24,1,1
batch-changes/quickstart.mdx,11,0,True,,2024-06-25,2026-04-07,5,6
batch-changes/rebasing-changesets.mdx,0,0,True,,2025-11-24,2025-11-24,1,1
batch-changes/reexecuting-batch-specs-multiple-times.mdx,0,0,True,,2025-05-08,2025-11-24,2,2
batch-changes/refactor-go-comby.mdx,1,0,True,,2025-05-08,2025-11-24,2,2
batch-changes/requirements.mdx,6,0,,,2021-03-10,2026-08-17,9,19
batch-changes/search-and-replace-specific-terms.mdx,1,0,True,,2020-10-29,2025-11-24,7,10
batch-changes/server-side.mdx,16,0,,,2024-10-30,2026-07-22,4,7
batch-changes/site-admin-configuration.mdx,1,0,True,,2025-11-14,2025-12-14,2,4
batch-changes/tracking-existing-changesets.mdx,5,0,True,,2024-06-25,2025-11-24,3,3
batch-changes/troubleshooting.mdx,1,0,True,,2020-12-15,2025-11-24,12,17
batch-changes/update-a-batch-change.mdx,4,0,True,,2024-06-25,2025-12-14,4,5
batch-changes/update-base-images-in-dockerfiles.mdx,1,0,True,,2020-10-26,2025-11-24,6,9
batch-changes/updating-go-import-statements.mdx,1,0,True,,2020-09-04,2025-11-24,7,12
batch-changes/view-batch-changes.mdx,1,0,True,,2025-07-21,2025-11-24,2,2
beta-and-experimental/index.mdx,4,0,True,,2026-03-31,2026-08-26,2,5
cli/explanations/env.mdx,2,0,,,2020-11-19,2026-03-18,9,11
cli/explanations/index.mdx,0,0,True,,2020-11-19,2025-11-24,4,4
cli/explanations/versioning.mdx,1,0,,,2023-02-02,2025-12-16,5,6
cli/explanations/windows.mdx,3,40,,,2020-11-19,2024-04-08,2,2
cli/how-tos/creating-an-access-token.mdx,9,0,,,2020-11-19,2025-12-14,6,8
cli/how-tos/fetch-sboms.mdx,1,0,,,2024-11-05,2026-03-13,4,7
cli/how-tos/index.mdx,0,0,True,,2020-11-19,2026-03-13,6,9
cli/how-tos/managing-access-tokens.mdx,2,60,,,2024-05-02,2026-09-16,3,5
cli/how-tos/revoking-an-access-token.mdx,2,0,,,2023-10-19,2025-12-14,3,3
cli/how-tos/verify-container-signatures.mdx,1,0,,,2025-02-05,2026-03-13,4,6
cli/index.mdx,15,150,True,,2020-11-19,2025-12-16,6,7
cli/quickstart.mdx,7,0,True,,2020-11-19,2026-04-07,12,16
cli/references/abc/index.mdx,1,0,,,2026-05-18,2026-06-16,2,2
cli/references/abc/variables/delete.mdx,1,0,,,2026-05-18,2026-06-16,2,2
cli/references/abc/variables/index.mdx,1,0,,,2026-05-18,2026-06-16,2,2
cli/references/abc/variables/set.mdx,1,0,,,2026-05-18,2026-06-16,2,2
cli/references/api.mdx,1,0,,,2020-11-19,2026-06-16,8,13
cli/references/auth/index.mdx,1,0,,,2026-05-18,2026-06-16,2,2
cli/references/auth/token.mdx,1,0,,,2026-05-18,2026-06-16,2,2
cli/references/batch/apply.mdx,5,0,,,2020-11-19,2025-11-25,7,19
cli/references/batch/exec.mdx,1,0,,,2020-11-19,2025-11-25,7,18
cli/references/batch/index.mdx,1,0,True,,2020-11-19,2025-11-25,4,7
cli/references/batch/new.mdx,1,0,,,2021-03-10,2025-11-25,4,8
cli/references/batch/preview.mdx,3,0,,,2020-11-19,2025-11-25,7,19
cli/references/batch/remote.mdx,2,0,,,2020-11-19,2025-11-25,6,11
cli/references/batch/repositories.mdx,1,0,,,2020-11-19,2025-11-25,6,9
cli/references/batch/validate.mdx,1,0,,,2021-03-10,2025-11-25,6,9
cli/references/code-intel/index.mdx,0,0,,,2020-11-19,2025-11-25,4,5
cli/references/code-intel/upload.mdx,1,0,,,2020-11-19,2025-11-25,10,16
cli/references/codeowners/create.mdx,1,0,,,2026-05-18,2026-06-16,2,2
cli/references/codeowners/delete.mdx,1,0,,,2026-05-18,2026-06-16,2,2
cli/references/codeowners/get.mdx,1,0,,,2026-05-18,2026-06-16,2,2
cli/references/codeowners/index.mdx,1,0,,,2026-05-18,2026-06-16,2,2
cli/references/codeowners/update.mdx,1,0,,,2026-05-18,2026-06-16,2,2
cli/references/config/edit.mdx,1,0,,,2020-11-19,2025-11-25,4,8
cli/references/config/get.mdx,1,0,,,2020-11-19,2025-11-25,4,7
cli/references/config/index.mdx,0,0,,,2020-11-19,2025-11-25,3,4
cli/references/config/list.mdx,1,0,,,2020-11-19,2025-11-25,4,7
cli/references/debug.mdx,0,0,,,2022-05-25,2026-09-14,3,4
cli/references/debug/compose.mdx,1,0,,,,,0,0
cli/references/debug/index.mdx,0,0,,True,,,0,0
cli/references/debug/kube.mdx,1,0,,,2023-01-25,2023-02-15,2,2
cli/references/debug/server.mdx,1,0,,,,,0,0
cli/references/extsvc/create.mdx,1,0,,,2020-11-19,2025-11-25,6,8
cli/references/extsvc/edit.mdx,1,0,,,2020-11-19,2025-11-25,4,6
cli/references/extsvc/index.mdx,0,0,,,2020-11-19,2025-11-25,4,5
cli/references/extsvc/list.mdx,1,0,,,2020-11-19,2026-04-27,5,9
cli/references/index.mdx,3,0,True,,2020-11-19,2026-09-14,21,41
cli/references/login.mdx,1,0,,,2020-11-19,2026-06-16,6,12
cli/references/lsp.mdx,0,0,,,2020-11-19,2026-02-26,6,9
cli/references/orgs/create.mdx,1,0,,,2020-11-19,2026-06-16,6,9
cli/references/orgs/delete.mdx,1,0,,,2020-11-19,2026-06-16,5,8
cli/references/orgs/get.mdx,1,0,,,2020-11-19,2026-06-16,5,9
cli/references/orgs/index.mdx,1,0,,,2020-11-19,2026-06-16,4,6
cli/references/orgs/list.mdx,1,0,,,2020-11-19,2026-06-16,5,11
cli/references/orgs/members/add.mdx,1,0,,,2020-11-19,2026-06-16,5,8
cli/references/orgs/members/index.mdx,1,0,,,2020-11-19,2026-06-16,4,6
cli/references/orgs/members/remove.mdx,1,0,,,2020-11-19,2026-06-16,5,8
cli/references/repos/add-metadata.mdx,1,0,,,2021-03-10,2025-11-25,8,11
cli/references/repos/delete-metadata.mdx,1,0,,,2020-11-19,2025-11-25,9,11
cli/references/repos/delete.mdx,1,0,,,2020-11-19,2025-11-25,4,6
cli/references/repos/get.mdx,1,0,,,2020-11-19,2025-11-25,4,7
cli/references/repos/index.mdx,0,0,,,2020-11-19,2025-11-25,5,7
cli/references/repos/list.mdx,1,0,,,2020-11-19,2026-04-27,5,9
cli/references/repos/update-metadata.mdx,1,0,,,2020-11-19,2025-11-25,9,11
cli/references/search-jobs.mdx,0,0,,,2025-05-06,2026-09-14,4,5
cli/references/search-jobs/cancel.mdx,1,0,,,2025-05-06,2025-11-24,2,2
cli/references/search-jobs/create.mdx,1,0,,,2025-05-06,2025-11-24,2,2
cli/references/search-jobs/delete.mdx,1,0,,,2025-05-06,2025-11-24,2,2
cli/references/search-jobs/get.mdx,1,0,,,2025-05-06,2025-11-24,2,2
cli/references/search-jobs/index.mdx,0,0,,True,,,0,0
cli/references/search-jobs/list.mdx,1,0,,,2025-05-06,2025-11-24,2,2
cli/references/search-jobs/logs.mdx,1,0,,,2025-05-06,2025-11-24,2,2
cli/references/search-jobs/restart.mdx,1,0,,,2025-05-06,2025-11-24,2,2
cli/references/search-jobs/results.mdx,1,0,,,2025-05-06,2025-11-24,2,2
cli/references/search.mdx,1,0,,,2020-11-19,2025-11-25,5,10
cli/references/serve-git.mdx,0,0,,,2020-11-19,2025-12-16,5,8
cli/references/snapshot.mdx,0,0,,,2022-11-30,2026-09-14,4,6
cli/references/snapshot/databases.mdx,1,0,,,,,0,0
cli/references/snapshot/index.mdx,0,0,,True,,,0,0
cli/references/snapshot/restore.mdx,1,0,,,,,0,0
cli/references/snapshot/summary.mdx,1,0,,,,,0,0
cli/references/snapshot/test.mdx,1,0,,,,,0,0
cli/references/snapshot/upload.mdx,1,0,,,,,0,0
cli/references/teams.mdx,0,0,,,2023-03-13,2026-09-14,3,4
cli/references/users/create.mdx,2,0,,,2020-11-19,2026-06-16,5,8
cli/references/users/delete.mdx,1,0,,,2020-11-19,2026-06-16,5,8
cli/references/users/get.mdx,1,0,,,2020-11-19,2026-06-16,6,10
cli/references/users/index.mdx,1,0,,,2020-11-19,2026-06-16,6,8
cli/references/users/list.mdx,1,0,,,2020-11-19,2026-06-16,5,11
cli/references/users/prune.mdx,1,0,,,2020-11-19,2026-06-16,8,12
cli/references/users/tag.mdx,1,0,,,2020-11-19,2026-06-16,5,8
cli/references/version.mdx,1,20,,,2020-11-19,2026-06-16,6,11
cloud/index.mdx,13,0,True,,2020-05-28,2026-04-27,29,75
cloud/logpush-gcs.mdx,1,0,,,2025-07-17,2025-12-14,2,3
cloud/logpush-s3.mdx,1,0,,,2025-07-17,2025-12-14,2,3
cloud/private-connectivity-aws.mdx,1,0,,,2023-09-04,2026-06-29,8,16
cloud/private-connectivity-gcp.mdx,1,0,,,2023-09-04,2025-12-14,7,12
cloud/private-connectivity-public-lb.mdx,1,0,,,2023-12-05,2025-12-14,6,9
cloud/private-connectivity-sourcegraph-connect.mdx,2,0,,,2023-12-05,2026-06-15,8,14
code-insights/explanations/administration-and-security-of-code-insights.mdx,3,0,,,2021-05-21,2025-12-14,6,12
code-insights/explanations/automatically-generated-data-series.mdx,6,0,,,2021-12-16,2026-01-15,11,18
code-insights/explanations/code-insights-filters.mdx,5,0,,,2021-08-20,2025-12-14,7,8
code-insights/explanations/current-limitations-of-code-insights.mdx,2,0,,,2021-05-25,2025-12-14,10,29
code-insights/explanations/data-retention.mdx,1,0,,,2023-01-24,2025-12-14,3,5
code-insights/explanations/index.mdx,0,0,True,,2025-12-14,2025-12-14,1,1
code-insights/explanations/search-results-aggregations.mdx,2,0,,,2022-09-02,2025-12-14,8,18
code-insights/explanations/viewing-code-insights.mdx,2,0,,,2021-07-20,2025-12-14,4,10
code-insights/how-tos/Troubleshooting.mdx,1,0,,,2021-10-15,2025-12-14,9,11
code-insights/how-tos/creating-a-custom-dashboard-of-code-insights.mdx,2,0,,,2021-07-20,2025-12-14,5,7
code-insights/how-tos/filtering-an-insight.mdx,5,0,,,2021-08-20,2025-12-14,7,9
code-insights/how-tos/index.mdx,0,0,True,,2025-12-14,2025-12-14,1,1
code-insights/index.mdx,11,10,True,,2021-05-19,2026-01-27,12,37
code-insights/language-insight-quickstart.mdx,2,0,,,2021-05-20,2025-12-16,7,14
code-insights/quickstart.mdx,7,20,True,,2021-05-20,2025-12-16,6,19
code-insights/references/common-reasons-code-insights-may-not-match-search-results.mdx,3,0,,,2021-08-27,2025-12-14,5,8
code-insights/references/common-use-cases.mdx,3,0,,,2021-09-21,2025-12-14,5,15
code-insights/references/incomplete-data-points.mdx,1,0,,,2022-12-09,2025-12-14,4,6
code-insights/references/index.mdx,0,0,True,,2025-12-14,2026-02-25,2,2
code-insights/references/license.mdx,1,0,,,2022-02-16,2025-12-14,3,4
code-insights/references/repository-scope.mdx,2,0,,,2023-02-16,2026-01-26,4,5
code-insights/references/requirements.mdx,2,0,,,2022-05-30,2025-12-14,4,6
code-insights/references/search-aggregations-use-cases.mdx,2,0,,,2022-09-20,2025-12-14,6,8
code-insights/types/inventory-stats.mdx,0,0,,,2025-11-24,2025-12-14,1,2
code-monitoring/index.mdx,8,20,True,,2020-12-15,2026-01-27,7,14
code-navigation/auto-indexing-configuration.mdx,6,10,,,2021-11-11,2025-12-14,7,21
code-navigation/auto-indexing.mdx,29,20,True,,2025-11-24,2026-07-22,2,7
code-navigation/envvars.mdx,0,0,True,,2024-08-16,2025-12-16,2,5
code-navigation/explanations/auto-indexing-inference.mdx,7,0,,,2021-11-11,2025-12-14,10,21
code-navigation/explanations/uploads.mdx,2,0,,,2024-03-19,2025-12-16,3,8
code-navigation/features.mdx,13,0,True,,2024-10-21,2026-03-19,3,6
code-navigation/how-to/adding-scip-to-workflows.mdx,6,0,,,2020-03-26,2026-01-27,18,29
code-navigation/how-to/combining-scip-uploads-from-ci-cd-and-auto-indexing.mdx,2,0,,,2025-12-14,2025-12-14,1,3
code-navigation/how-to/index-a-go-repository.mdx,3,0,,,2020-04-24,2026-02-20,14,22
code-navigation/how-to/index-a-typescript-and-javascript-repository.mdx,3,0,,,2020-04-24,2026-01-27,14,24
code-navigation/how-to/index-other-languages.mdx,4,0,,,2019-11-16,2025-12-14,17,35
code-navigation/how-to/index.mdx,0,0,,,2024-09-10,2026-02-20,3,7
code-navigation/how-to/policies-resource-usage-best-practices.mdx,3,0,,,2023-05-08,2025-12-14,3,7
code-navigation/index.mdx,9,0,True,,2024-06-05,2026-03-19,5,10
code-navigation/inference-configuration.mdx,5,0,,,2023-03-14,2025-12-14,6,13
code-navigation/precise-code-navigation.mdx,20,0,True,,2024-10-17,2025-12-19,7,15
code-navigation/private-maven-repository-configuration.mdx,0,0,,,2024-11-04,2025-12-14,2,4
code-navigation/rockskip.mdx,8,0,,,2022-03-11,2026-03-19,7,17
code-navigation/search-based-code-navigation.mdx,5,0,True,,2024-11-13,2025-12-14,2,7
code-navigation/smart-hover.mdx,0,0,True,,2026-04-22,2026-07-01,3,3
code-navigation/syntactic-code-navigation.mdx,0,0,True,,2025-04-23,2025-12-14,2,5
code-navigation/troubleshooting.mdx,0,0,True,,2021-03-26,2026-05-22,9,15
code-navigation/writing-an-indexer.mdx,7,0,,,2025-06-24,2025-12-14,2,5
code-ownership/codeowners-format.mdx,2,0,True,,2023-06-26,2026-02-22,4,6
code-ownership/index.mdx,3,0,True,,2026-02-22,2026-02-22,1,1
code-search/compare-file-filtering.mdx,1,0,,,2025-11-24,2025-11-24,1,1
code-search/faq.mdx,1,0,True,,2025-11-24,2025-12-14,1,3
code-search/features.mdx,23,0,True,,2024-01-25,2026-03-30,5,6
code-search/how-to/index.mdx,0,0,,,2025-11-24,2026-02-25,2,3
code-search/how-to/opengrok.mdx,2,0,,,2020-06-09,2025-11-24,9,12
code-search/index.mdx,12,100,True,,2024-01-25,2026-03-30,7,11
code-search/queries/examples.mdx,4,0,True,,2019-12-19,2025-11-24,15,24
code-search/queries/index.mdx,48,200,True,,2024-01-25,2026-02-22,8,15
code-search/queries/language.mdx,15,0,True,,2024-03-19,2026-03-10,5,7
code-search/query-assist.mdx,2,0,True,,2026-03-30,2026-03-30,1,1
code-search/types/fuzzy.mdx,0,0,True,,2024-05-20,2025-12-16,3,5
code-search/types/search-jobs.mdx,5,70,True,,2023-10-04,2025-12-14,6,20
code-search/types/structural.mdx,3,0,True,,2019-12-19,2025-12-14,12,22
code-search/types/symbol.mdx,3,0,True,,2025-07-07,2025-12-14,1,5
code-search/working/saved-searches.mdx,4,0,True,,2018-10-17,2025-12-14,10,18
code-search/working/search-contexts.mdx,9,70,True,,2021-05-25,2026-02-25,11,15
code-search/working/search-filters.mdx,0,0,True,,2025-11-24,2025-12-14,1,2
code-search/working/search-subexpressions.mdx,2,0,True,,2024-01-25,2025-12-14,3,4
code-search/working/snippets.mdx,1,20,True,,2018-10-17,2025-11-24,10,12
cody/capabilities/agentic-context-fetching.mdx,2,10,True,,2025-11-24,2025-11-24,1,1
cody/capabilities/auto-edit.mdx,2,0,True,,2025-01-29,2025-11-24,3,3
cody/capabilities/autocomplete.mdx,0,0,True,,2024-03-06,2025-11-24,3,3
cody/capabilities/chat.mdx,3,0,True,,2024-03-15,2025-12-14,7,8
cody/capabilities/debug-code.mdx,2,0,True,,2024-04-08,2025-11-24,3,3
cody/capabilities/edit-modes.mdx,1,0,,,2026-01-06,2026-01-06,1,1
cody/capabilities/ignore-context.mdx,4,0,True,,2024-02-14,2025-11-24,5,5
cody/capabilities/index.mdx,2,0,True,,2023-12-14,2026-01-06,7,8
cody/capabilities/ollama.mdx,0,0,,,2025-11-24,2025-12-16,1,2
cody/capabilities/openctx.mdx,1,0,,,2024-07-01,2025-11-24,3,3
cody/capabilities/prompts.mdx,16,0,True,,2023-12-14,2025-11-24,12,13
cody/capabilities/proxy-setup.mdx,0,0,True,,2024-11-15,2025-11-24,2,2
cody/capabilities/supported-models.mdx,17,0,True,,2024-03-27,2026-09-08,24,46
cody/clients/cody-with-sourcegraph.mdx,4,0,True,,2023-04-19,2025-12-14,8,14
cody/clients/enable-cody-enterprise.mdx,3,0,True,,2023-04-19,2026-04-16,27,48
cody/clients/feature-reference.mdx,4,0,True,,2023-10-04,2025-11-24,8,14
cody/clients/index.mdx,3,0,True,,2024-06-05,2025-12-16,4,5
cody/clients/install-cli.mdx,1,0,,,2024-07-19,2025-11-24,3,3
cody/clients/install-jetbrains.mdx,6,0,True,,2023-06-27,2025-12-14,8,18
cody/clients/install-neovim.mdx,0,0,,,2023-12-01,2025-11-24,3,3
cody/clients/install-visual-studio.mdx,5,0,True,,2025-02-24,2025-12-14,3,4
cody/clients/install-vscode.mdx,9,60,True,,2023-05-05,2025-12-16,18,36
cody/core-concepts/code-graph.mdx,0,0,,,2024-04-08,2025-11-24,2,2
cody/core-concepts/context.mdx,7,0,True,,2024-04-08,2025-12-14,7,8
cody/core-concepts/index.mdx,0,0,,,2024-02-14,2025-11-24,6,6
cody/core-concepts/keyword-search.mdx,1,0,,,2024-04-08,2025-11-24,3,3
cody/core-concepts/local-indexing.mdx,1,0,,,2025-11-03,2025-11-24,2,2
cody/core-concepts/token-limits.mdx,4,0,True,,2024-04-08,2025-11-24,11,12
cody/enterprise/completions-configuration.mdx,1,0,True,,2024-12-12,2026-04-16,5,6
cody/enterprise/features.mdx,0,0,True,,2023-04-19,2025-12-18,26,49
cody/enterprise/model-config-examples.mdx,4,0,True,,2024-11-28,2025-11-24,5,9
cody/enterprise/model-configuration.mdx,18,20,True,,2025-04-30,2025-12-14,5,7
cody/faq.mdx,2,0,True,,2023-04-03,2025-12-14,23,30
cody/index.mdx,5,120,True,,2023-03-06,2025-12-16,22,45
cody/prompts-guide.mdx,0,0,True,,2025-02-24,2025-12-14,3,5
cody/quickstart.mdx,0,0,True,,2023-04-19,2025-12-14,8,13
cody/troubleshooting.mdx,0,0,True,,2023-04-21,2025-11-24,19,32
cody/use-cases/build-ui.mdx,0,0,,,2025-11-24,2025-11-24,1,1
cody/use-cases/generate-unit-tests.mdx,0,0,,,2024-04-08,2025-11-24,2,2
cody/use-cases/vsc-tutorial.mdx,0,0,,,2024-05-08,2025-12-14,5,7
context-filters.mdx,0,10,True,,2026-08-24,2026-08-24,1,1
deep-search/api.mdx,1,0,,,2025-09-09,2026-03-04,7,15
deep-search/index.mdx,15,0,True,,2025-05-29,2026-08-26,14,30
diff-tour/index.mdx,0,0,True,,2026-08-14,2026-08-14,1,1
dotcom/index.mdx,0,0,,,2022-07-29,2025-12-14,5,8
dotcom/indexing-open-source-code.mdx,1,0,,,2021-08-31,2025-12-14,8,9
getting-started/cloud-instance.mdx,1,0,,,2022-09-27,2025-12-14,4,7
getting-started/github-vs-sourcegraph.mdx,1,0,,,2022-11-08,2026-03-10,19,31
getting-started/index.mdx,4,0,,,2018-10-17,2026-01-07,24,43
getting-started/personalization/badges.mdx,1,0,,,2019-03-12,2025-11-24,4,5
getting-started/personalization/index.mdx,1,0,,,2020-10-14,2025-11-24,4,5
getting-started/personalization/themes.mdx,1,0,,,2018-11-21,2025-11-24,4,5
getting-started/tour.mdx,3,0,,,2018-10-17,2025-12-14,10,13
how-to/aws-instance-sizing.mdx,2,0,,,2025-05-07,2026-02-26,3,5
index.mdx,5,440,,,2018-10-17,2026-07-02,71,258
integration/aws-codecommit.mdx,0,0,,,2018-10-17,2025-12-14,6,10
integration/bitbucket-cloud.mdx,1,0,,,2019-07-16,2025-12-14,7,8
integration/bitbucket-server.mdx,8,0,,,2018-10-17,2025-12-14,25,39
integration/browser-extension/how-tos/browser-search-engine.mdx,5,0,,,2018-10-17,2025-12-14,8,8
integration/browser-extension/how-tos/google-workspace.mdx,3,0,,,2018-10-17,2025-12-16,9,15
integration/browser-extension/how-tos/index.mdx,0,0,,,2025-12-14,2025-12-14,1,1
integration/browser-extension/how-tos/troubleshooting.mdx,2,0,,,2022-08-30,2025-12-14,3,5
integration/browser-extension/index.mdx,24,0,True,,2022-08-30,2026-09-01,8,10
integration/browser-extension/quickstart.mdx,2,0,,,2022-08-30,2025-12-14,4,7
integration/browser-extension/references/features.mdx,2,0,,,2022-08-30,2025-12-14,3,4
integration/browser-extension/references/index.mdx,0,0,,,2025-12-14,2025-12-14,1,1
integration/browser-extension/references/privacy.mdx,3,0,,,2022-08-30,2025-12-14,4,5
integration/editor.mdx,4,0,True,,2018-10-17,2025-11-24,9,15
integration/github.mdx,2,0,,,2018-10-17,2025-12-14,9,15
integration/gitlab.mdx,2,40,,,2018-10-17,2025-12-14,14,23
integration/gitolite.mdx,0,0,,,2019-02-15,2025-12-14,5,6
integration/gitpod.mdx,1,0,,,2022-05-23,2024-04-08,3,4
integration/index.mdx,8,0,True,,2018-10-17,2026-03-10,20,31
integration/jetbrains.mdx,1,0,,,2022-11-04,2025-11-24,4,5
integration/migrating-firefox-extension.mdx,1,0,,,2021-07-13,2025-12-14,3,4
integration/open-in-editor.mdx,2,0,,,2022-09-06,2025-12-14,5,6
integration/phabricator.mdx,2,0,,,2018-10-17,2025-12-14,9,13
legacy.mdx,0,0,,,2024-02-06,2026-08-27,5,15
model-provider/index.mdx,20,0,True,,2025-11-12,2026-01-27,2,5
pricing/faqs.mdx,3,0,True,,2025-04-25,2026-03-30,5,6
pricing/plans/enterprise-starter.mdx,6,0,,,2025-02-09,2026-03-30,6,7
pricing/plans/enterprise.mdx,38,0,,,2025-07-28,2026-03-30,4,4
releases.mdx,1,0,,,2024-06-06,2025-12-16,5,62
self-hosted/advanced-config-file.mdx,2,0,,,2019-06-24,2026-02-19,17,29
self-hosted/deploy/docker-compose/aws.mdx,5,0,,,2020-02-10,2026-03-03,42,138
self-hosted/deploy/docker-compose/azure.mdx,1,0,,,2022-09-09,2025-12-14,22,57
self-hosted/deploy/docker-compose/configuration.mdx,5,20,,,2022-09-21,2026-03-06,8,14
self-hosted/deploy/docker-compose/digitalocean.mdx,4,0,,,2020-02-10,2025-12-16,36,129
self-hosted/deploy/docker-compose/google-cloud.mdx,5,0,,,2020-02-10,2025-12-14,37,126
self-hosted/deploy/docker-compose/index.mdx,43,90,True,,2021-06-22,2025-12-14,44,132
self-hosted/deploy/docker-compose/migrate.mdx,5,0,,,2020-04-21,2026-02-26,16,33
self-hosted/deploy/docker-compose/operations.mdx,2,0,,,2021-06-22,2025-12-14,28,77
self-hosted/deploy/docker-compose/upgrade.mdx,11,110,,,2022-06-16,2026-02-26,14,29
self-hosted/deploy/index.mdx,18,40,True,,2022-05-06,2026-09-01,22,40
self-hosted/deploy/instance-size.mdx,4,0,,,2023-02-13,2025-12-14,4,6
self-hosted/deploy/kubernetes/azure.mdx,1,0,,,2020-05-07,2025-12-14,6,6
self-hosted/deploy/kubernetes/configure.mdx,49,0,,,2020-05-07,2026-03-06,45,117
self-hosted/deploy/kubernetes/eks.mdx,1,0,,,2020-05-07,2025-12-14,9,12
self-hosted/deploy/kubernetes/index.mdx,64,20,True,,2020-05-07,2026-09-07,32,92
self-hosted/deploy/kubernetes/kustomize.mdx,26,0,,,2020-05-07,2026-02-12,28,69
self-hosted/deploy/kubernetes/kustomize/eks.mdx,1,0,,,2023-02-23,2026-02-12,4,7
self-hosted/deploy/kubernetes/kustomize/gke.mdx,1,0,,,2023-02-23,2026-02-12,4,6
self-hosted/deploy/kubernetes/kustomize/index.mdx,0,0,,True,2023-02-23,2026-02-12,5,8
self-hosted/deploy/kubernetes/kustomize/migrate.mdx,5,0,,,2023-02-23,2026-02-12,6,11
self-hosted/deploy/kubernetes/operations.mdx,11,0,,,2021-08-05,2026-02-19,15,26
self-hosted/deploy/kubernetes/scale.mdx,2,0,,,2020-05-07,2025-12-14,10,15
self-hosted/deploy/kubernetes/troubleshoot.mdx,5,0,,,2020-05-07,2025-12-16,12,21
self-hosted/deploy/kubernetes/upgrade.mdx,8,0,,,2023-05-26,2026-02-26,7,14
self-hosted/deploy/machine-images/aws-ami.mdx,9,0,,,2022-09-26,2026-06-04,13,39
self-hosted/deploy/machine-images/aws-oneclick.mdx,0,0,,,2022-11-17,2026-06-04,11,20
self-hosted/deploy/machine-images/gce.mdx,0,0,,,2022-10-21,2026-06-04,24,60
self-hosted/deploy/machine-images/index.mdx,6,0,True,,2022-10-18,2026-02-26,8,14
self-hosted/deploy/migrate-backup.mdx,3,0,,,2020-09-24,2025-12-14,19,29
self-hosted/deploy/repositories.mdx,2,0,,,2023-02-23,2026-02-03,6,9
self-hosted/deploy/resource-estimator.mdx,15,0,,,2020-03-05,2025-12-14,6,17
self-hosted/deploy/scale.mdx,4,0,,,2022-07-19,2025-12-14,10,19
self-hosted/deploy/single-node/index.mdx,1,0,True,,2022-11-10,2026-02-19,6,7
self-hosted/deploy/single-node/script.mdx,1,0,,,2022-12-06,2026-02-26,7,9
self-hosted/deploy/without-service-discovery.mdx,1,0,,,2025-05-21,2025-12-14,2,4
self-hosted/deployment-best-practices.mdx,1,0,,,2021-07-21,2026-02-12,12,23
self-hosted/email.mdx,7,30,,,2022-03-10,2025-12-14,9,14
self-hosted/encryption.mdx,5,0,,,2021-04-20,2025-12-14,6,11
self-hosted/executors/custom-certificates.mdx,11,0,True,,2026-07-22,2026-07-22,1,1
self-hosted/executors/deploy-executors-binary-offline.mdx,3,0,,,2023-05-12,2026-07-22,5,12
self-hosted/executors/deploy-executors-binary.mdx,16,0,True,,2022-10-05,2026-09-08,11,24
self-hosted/executors/deploy-executors-dind.mdx,2,0,True,,2023-06-27,2026-09-08,8,15
self-hosted/executors/deploy-executors-docker.mdx,2,0,True,,2023-02-20,2026-07-22,9,12
self-hosted/executors/deploy-executors-kubernetes.mdx,5,0,True,,2023-02-20,2026-09-08,25,70
self-hosted/executors/deploy-executors-terraform-aws.mdx,5,0,True,,2026-07-08,2026-09-08,2,3
self-hosted/executors/deploy-executors-terraform-gcp.mdx,5,0,True,,2021-10-06,2026-09-08,19,56
self-hosted/executors/deploy-executors-terraform.mdx,7,0,,,2021-10-06,2026-07-08,18,54
self-hosted/executors/executors-config.mdx,17,40,True,,2022-10-05,2026-09-08,12,24
self-hosted/executors/executors-troubleshooting.mdx,5,0,True,,2023-03-13,2026-09-08,11,15
self-hosted/executors/firecracker.mdx,21,0,True,,2023-05-02,2026-07-22,5,10
self-hosted/executors/index.mdx,15,0,True,,2021-11-18,2026-07-22,14,35
self-hosted/executors/private-registries.mdx,8,0,True,,2026-07-22,2026-07-22,1,1
self-hosted/executors/resource-sizing.mdx,1,0,True,,2026-07-22,2026-07-22,1,1
self-hosted/external-services/index.mdx,10,30,True,,2020-10-30,2025-12-14,10,13
self-hosted/external-services/object-storage.mdx,6,0,,,2020-10-30,2026-09-07,12,19
self-hosted/external-services/postgres.mdx,6,0,,,2018-10-17,2026-02-19,56,239
self-hosted/external-services/redis.mdx,4,0,,,2020-10-30,2025-12-14,34,115
self-hosted/faq.mdx,1,0,True,,2018-10-17,2025-12-14,17,33
self-hosted/how-to/blobstore-debugging.mdx,2,0,,,2023-02-22,2025-12-14,5,8
self-hosted/how-to/blobstore-update-notes.mdx,3,0,,,2022-12-08,2025-12-14,4,6
self-hosted/how-to/clear-codeintel-data.mdx,3,0,,,2023-01-23,2025-12-14,4,6
self-hosted/how-to/dirty-database-pre-3-37.mdx,2,0,,,2021-05-07,2026-07-07,10,24
self-hosted/how-to/dirty-database.mdx,13,0,,,2021-05-07,2026-07-07,10,29
self-hosted/how-to/index.mdx,1,0,True,,2021-05-07,2025-12-14,20,43
self-hosted/how-to/monitoring-guide.mdx,4,0,,,2025-12-14,2025-12-14,1,1
self-hosted/how-to/postgres-12-to-16-drift.mdx,3,0,,,2025-01-29,2026-02-26,4,8
self-hosted/how-to/postgres14-index-corruption.mdx,2,0,,,2022-10-28,2025-12-14,4,6
self-hosted/how-to/precise-code-intel-worker-crashloopbackoff.mdx,2,0,,,2021-08-20,2026-01-21,7,8
self-hosted/how-to/privileged-migrations.mdx,5,0,,,2022-02-25,2025-12-14,5,11
self-hosted/how-to/rebuild-corrupt-postgres-indexes.mdx,2,0,,,2021-07-29,2025-12-14,9,15
self-hosted/how-to/redis-configmap.mdx,3,0,,,2022-04-19,2025-12-14,5,9
self-hosted/how-to/rollback-database.mdx,4,0,,,2022-02-14,2025-12-14,4,7
self-hosted/how-to/run-psql.mdx,4,0,,,2021-10-26,2025-12-14,3,4
self-hosted/how-to/setup-https.mdx,2,0,,,2021-06-30,2025-12-14,5,7
self-hosted/how-to/troubleshoot-pod-eviction.mdx,2,0,,,2021-05-27,2025-12-14,5,6
self-hosted/how-to/unfinished-migration.mdx,4,0,,,2021-06-03,2025-12-14,7,11
self-hosted/how-to/upgrade-postgres-12-16-builtin-dbs.mdx,2,0,,,2025-02-04,2026-02-26,3,7
self-hosted/http-https-configuration.mdx,13,0,,,2019-01-10,2026-05-22,45,142
self-hosted/index.mdx,1,0,True,,2018-10-17,2026-07-22,47,128
self-hosted/network-filtering.mdx,1,0,,,2024-12-13,2025-12-14,2,4
self-hosted/observability/alerting-custom-consumption.mdx,2,0,,,2020-03-25,2026-02-26,3,8
self-hosted/observability/alerting.mdx,21,0,,,2020-03-12,2026-07-31,11,29
self-hosted/observability/alerts.mdx,258,0,,,2020-04-23,2026-09-15,59,325
self-hosted/observability/dashboards.mdx,254,0,,,2019-10-19,2026-09-15,65,428
self-hosted/observability/health-checks.mdx,3,0,,,2020-12-23,2026-02-26,4,6
self-hosted/observability/index.mdx,8,0,True,,2020-03-12,2026-02-26,9,18
self-hosted/observability/logs.mdx,4,0,,,2020-12-23,2026-07-07,9,21
self-hosted/observability/metrics.mdx,24,0,,,2020-03-12,2026-07-07,11,22
self-hosted/observability/opentelemetry.mdx,11,0,,,2022-09-01,2026-03-06,9,20
self-hosted/observability/tracing.mdx,17,0,,,2020-03-12,2026-03-19,16,32
self-hosted/observability/troubleshooting.mdx,3,0,,,2020-03-12,2026-02-26,12,20
self-hosted/postgres-conf.mdx,15,0,,,2019-11-22,2025-12-14,9,12
self-hosted/postgres.mdx,13,0,,,2019-02-06,2026-02-26,32,115
self-hosted/postgres12-end-of-life-notice.mdx,15,0,,,2024-11-20,2026-02-26,6,8
self-hosted/postgresql-collation-version-mismatch-resolution.mdx,3,0,,,2025-06-03,2026-02-26,4,9
self-hosted/pprof.mdx,4,0,,,2020-02-26,2026-07-07,18,63
self-hosted/private-network.mdx,1,0,,,2024-02-02,2025-12-14,5,20
self-hosted/restore.mdx,1,0,,,2021-02-19,2025-12-14,3,4
self-hosted/sourcegraph-nginx-mermaid.mdx,1,0,,,2019-03-12,2025-12-14,3,3
self-hosted/ssl-https-self-signed-cert-nginx.mdx,2,0,,,2019-03-12,2026-01-26,42,189
self-hosted/updates/automatic.mdx,1,0,,,2023-06-26,2026-07-07,8,16
self-hosted/updates/index.mdx,54,40,True,,2021-07-28,2026-07-07,24,46
self-hosted/updates/migrator/downgrading.mdx,3,0,,,2023-05-26,2025-12-14,4,6
self-hosted/updates/migrator/index.mdx,1,0,True,,2025-12-14,2025-12-14,1,1
self-hosted/updates/migrator/migrator-operations.mdx,33,0,,,2023-05-26,2025-12-14,7,11
self-hosted/updates/migrator/schema-drift.mdx,4,0,,,2022-12-02,2025-12-14,4,7
self-hosted/updates/migrator/troubleshooting-upgrades.mdx,2,0,,,2023-05-26,2025-12-14,3,5
self-hosted/updates/migrator/upgrading-early-versions.mdx,2,0,,,2023-05-26,2025-12-14,3,5
self-hosted/url.mdx,2,0,,,2018-10-17,2025-12-14,5,11
self-hosted/validation.mdx,1,0,,,2020-10-12,2025-12-14,7,12
self-hosted/workers.mdx,7,0,,,2021-06-17,2025-12-14,16,42
sla/index.mdx,4,0,True,,2023-09-22,2026-03-31,6,19
slack-integration.mdx,1,0,True,,2026-01-13,2026-04-01,3,4
sourcegraph-accounts/index.mdx,2,0,True,,2024-02-07,2026-09-16,4,9
supported-countries.mdx,0,0,True,,2026-07-30,2026-07-30,1,1
technical-changelog.mdx,0,10,,,2021-07-16,2026-07-22,20,147
tutorials/index.mdx,0,0,True,,2023-01-25,2026-03-10,14,25
